user_name,date,text
Ã°ÂÂÂ­,2022-07-30 10:18:00+00:00,maksud   film   riaru   onigoko   tolong   jelasin  
mupi,2022-07-30 10:30:01+00:00,mvs   request   film   horror   malmingan   bareng   teman   kos   donggg  
OWEN,2022-07-30 10:42:56+00:00,convomfs   nonton   film   horor  
Amanda Dwi Anisa,2022-07-30 10:46:18+00:00,pas   rebah   nonton   film   korea   indihome   tv   lancar   puas   tonton  
Ã°ÂÂÂÃ°ÂÂÂ Agra Ã¡ÂµÂÃÂ³Ã¡ÂµÂÃ¡ÂµÂÃ¡ÂµÂÃ¡ÂµÂÃÂ³,2022-07-30 10:42:17+00:00,wryojin   hai   cantik   nonton   film   incantantion  
ScreenSavers,2022-07-30 10:26:40+00:00,once   upon   a   timeseorang   putri   raja   ambil   alih   coba   fight   back   lawan   jajah   film   the   princess   disneyplusid  
mam apa y hari nie,2022-07-30 10:40:55+00:00,soonrokshin   high   class   banget   dramanyaaa   sumpaa   vibenya   film   sii   dramaa  
a.,2022-07-30 10:13:11+00:00,smansatufess   baca   buku   nonton   film  
danisauruss,2022-07-30 10:32:13+00:00,cumabotolyakult   film   psikopat   wkwkwaku   film   ivanna   kramat  
Kompas.com,2022-07-30 10:24:05+00:00,jeje   slebew   maaf   video   viral   jeje   konten   rumah   produksi   film  
Ã°ÂÂÂ¦.,2022-07-30 10:39:07+00:00,sakamotzo   heroes   film   kesan   the   avengers   that   film   really   makes   me   whipped   for   marvel   cinematic   universe   and   film   suka   all   time   favourite   kakak  
Seoha. #INSSAVERSITY,2022-07-30 10:24:45+00:00,selamat   sore   silah   stand   rasa   tualang   tari   filmfilm   sedia   kuis  
Marvel Menfess,2022-07-30 10:19:44+00:00,marv   sebenernya   si   zemo   bilang   villain   menang   film   mcu   sih  
Reiyuuu,2022-07-30 10:41:29+00:00,convomfs   nonton   film   jurig  
Amir,2022-07-30 10:27:04+00:00,iiamfaezee   mishe   buru   film   bebin   iya   music   gush   bede  
Ã°ÂÂÂÃ°ÂÂÂÃ°ÂÂÂ,2022-07-30 10:27:40+00:00,claertesquieu   mood   nonton   series   film   kak   kalp   baca   neng   jaeyong  
ÃÂ,2022-07-30 10:43:46+00:00,convomfs   jalan   jalan   beli   jajan   turu   nonton   filmseries   baca   novel   pacartemen   ajak   jalan   iya   samperin  
ki Ã¢ÂÂ¤Ã¯Â¸ÂÃ¢ÂÂ¡,2022-07-30 10:23:30+00:00,anj   banget   anti   film   hantu  
Spilt Gravy on Rice,2022-07-30 10:29:34+00:00,spilt   gravy   tumpah   kuah   now   on   astro   first   ch   on   demand   storeastro   astrofirst   ondemand   film   filem   pawagam   cema   movie   spiltgravyonrice   spiltgravymovie  
Kalulla Sangngern,2022-07-30 10:28:24+00:00,like   what   i   said   pacar   gmmtvku   ulang   juli   rapel   deh   bahagia   birthday   to   film   tawan   mix   singto   kalulla   and   milk  
Fit Ã°ÂÂÂ,2022-07-30 10:47:50+00:00,peariboba   film   dracula   judul   the   invitation   ready   not  
Decky Hariman Fajar,2022-07-30 10:34:38+00:00,kemkominfo   dukung   game   buat   anak   bangsa   epic   games   blokir   epic   games   game   engine   nama   unreal   engine   game   film   lain   bagus   amp   gratis   blok   game   pakai   notep  
L,2022-07-30 10:40:05+00:00,pulang   soresore   grab   radio   lagu   mellow   kayak   protagonis   film  
Sinu Roy,2022-07-30 10:13:28+00:00,yah   film   to   bahut   hai   jyada   jabardasti   blockbuster   ho   gai   thi   doston   box   office   kamal   kiya   tha   is   film   neyearsformagadheera  
Ihya,2022-07-30 10:12:49+00:00,aniesbaswedan   dppappdki   dkijakarta   kpppa   kpaiofficial   gaji   buta   nonton   film   malas   nonton  
SUB.,2022-07-30 10:32:59+00:00,sempat   buka   akun   pakai   fc   spill   foto   bareng   member   twice   frame   drink   heshe   is   a   suka   nyepelein   halhal   suka   spill   genre   film   suka   donk  
mupi,2022-07-30 10:20:02+00:00,mvs   saran   film   horor   aman   tonton   acara   nonton   bareng   teman   teman   sekolah   ngomong-ngomong   sender   tia  
SAL,2022-07-30 10:42:11+00:00,sbyfess   maap   maraton   film   e   disney  
Ihya,2022-07-30 10:13:04+00:00,aniesbaswedan   jakintstadium   gaji   buta   nonton   film   malas   nonton  
Delilah,2022-07-30 10:37:08+00:00,bdngfess   nonton   film   rumah   nyemil   nder  
Evelyn,2022-07-30 10:44:11+00:00,kru   film   abdi   setan   kru   film   sukses   habis   tayang   premiere   party   sih   bonus  
kaphunkhap,2022-07-30 10:23:07+00:00,nonton   thorloveandthunder   tunggu   nonton   cinderella   si   adam   cinta   language   physical   attack   suka   digebukin   fuji   suka   i   film   reng   sihh  
TÃ¢ÂÂ³Ã¢ÂÂ³RÃ¡Â´ÂN Ã Â½Â aÃÂ KuMAR,2022-07-30 10:29:31+00:00,rang   taranga   one   of   the   best   kfi   film   vikrant   rona   movie   chusina   vallu   watch   this   moviegara   gara   gara   gaggara   jarbapira   nalkuri   netthara   parbavikranthrona   rangitaranga  
Anggi Cartwheel Ã°ÂÂÂÃ®Â¨Â,2022-07-30 10:42:44+00:00,frsptn   film  
Orion.,2022-07-30 10:46:20+00:00,spoiler   i   cinta   to   listen   to   songs   and   watch   some   movies   suka   film   animasi   genre   horror   such   as   megamind   the   sea   beast   the   conjuring   insidious   etckalau   genre   thriller   sih   kayak   sanggup   makan   minggu  
oneleÃ°ÂÂÂ«,2022-07-30 10:12:01+00:00,moviemenfes   salah   film   romance   indonesia   bagus   cringe   putri   marino   adipati   dolken   keren   banget  
Riston Daud,2022-07-30 10:20:13+00:00,weekend   film   suka   nya   si   anak   sedia   indihome   tv   bahagia  
syifaÃ°ÂÂÂÃ°ÂÂÂ·,2022-07-30 10:46:57+00:00,convomfs   baca   au   nonton   film  
Ã£ÂÂ·,2022-07-30 10:43:35+00:00,unsfess   nonton   film   ngedrakor   jajan   nek   tidur   gasik  
VANIAÃ°ÂÂÂ½rest.,2022-07-30 10:26:13+00:00,xjinanax   wkwkwkkk   jee   nonton   moodanlagi   mood   ngedrakor   mang   cari   filmseries   barat   tonton  
han,2022-07-30 10:47:21+00:00,hamdalah   moga   film   lawas   yah  
Ã°ÂÂÂÃ°ÂÂÂÃ°ÂÂÂÃ°ÂÂÂÃ°ÂÂÂ.,2022-07-30 10:42:52+00:00,tanyakanrl   film   nder   series   episod  
migorengdabel,2022-07-30 10:23:02+00:00,pukupwang   iya   passion   nonton   film  
Joe,2022-07-30 10:22:53+00:00,kali   nonton   film   bioskop   minggu   what   the   fuck  
jen,2022-07-30 10:28:38+00:00,jamkost   gibah   iya   nonton   film   pakai   proyektor  
schwarzenadler,2022-07-30 10:22:54+00:00,kotor   bad   mood   habis   lihat   film   mlh   jalar   terus   gara   omong   orang   rumah  
Jeje,2022-07-30 10:46:24+00:00,bingung   malming   nonton   film   apaa  
INDRA INDRA,2022-07-30 10:36:55+00:00,itnanruoel   film  
Nuna JÃ°ÂÂÂ¹,2022-07-30 10:27:48+00:00,hidup   asa   alur   film   mah   ngantuk   zz  
ella Ã¢ÂÂ¾,2022-07-30 10:22:53+00:00,iconic   film   ik   ik  
sashi,2022-07-30 10:18:44+00:00,sore   sore   enak   nonton   film   iya  
zal,2022-07-30 10:48:06+00:00,semenjak   nonton   multiverse   film   strange   bangun   mimpi   buruk   ngerasa   kasi   alam   mimpi  
hikari,2022-07-30 10:10:44+00:00,trashbeans   baca   buku   nya   iya   series   baca   kayak   film   nya   nonton   deh   kayak   iya  
YOGESH,2022-07-30 10:21:16+00:00,someguykk   how   sarook   hai   hai   film   mein  
Lili lulu Ã°ÂÂ¦ÂÃ°ÂÂÂ¢Ã°ÂÂ§Â¡,2022-07-30 10:35:34+00:00,nonton   film   horor   udahannya   menang   mewek   sedih   banget  
Bisnis.com,2022-07-30 10:26:04+00:00,sinopsis   alienoid   film   korea   selatan   cerita   alien   modern  
Ã°ÂÂÂ­,2022-07-30 10:36:53+00:00,saranin   film   netflix   menyentuhbikin   menang   ajar   hidup   tia  
RULES DI LIKES Ã¢ÂÂ¨,2022-07-30 10:40:38+00:00,enthu   saraninn   filmseries   wajib   banget   tonton   pas   weekend   terima   kasih   lt  
Jean,2022-07-30 10:19:43+00:00,seraphicied   piecesrn   plinplan   main   film   porno   deklarasi   ketua   video   porno   suka   video   porno   suka  
AnyaÃ°ÂÂÂ,2022-07-30 10:43:29+00:00,anj   kayak   raja   raja   film  
Heni Rohaeni ssi,2022-07-30 10:41:37+00:00,nimu   aiesun   devamahenra   mncpictures   amandamanopo   chemistry   sinema   elektronik   film   cinta   loveline  
BPPM Psikomedia,2022-07-30 10:28:56+00:00,resenpsy   natsume   halo   sobat   psikomedians   cinta   film   anime   film   natsumes   book   of   friends   the   movie   dengar   asing   film   cerita   tokoh   utama   ajar   hidup   siluman   unik   temu  
Friday,2022-07-30 10:21:02+00:00,askrlfess   film   posesif   iya  
marxist manjiro,2022-07-30 10:20:38+00:00,isu   bohong   mikir   situs   judi   kena   ipos   salah   situs   judi   kaya   situs   film   baja   blokir   kominfo   blokir   kali   domain   beda   steampaypal   domain  
dit,2022-07-30 10:43:51+00:00,niat   malam   minggu   movie   midnight   nonton   nangisin   film   wkwkwk  
poji,2022-07-30 10:44:07+00:00,rapihin   dunia   digital   dude   situs   judi   online   pinjol   situs   film   baja   pda   liar   kenap   legal   bayar   pajak   blokir   think   smart   dude   ilegal   tindak  
amodini,2022-07-30 10:13:58+00:00,movie   review   shakuntala   devi   bollywood   moviereviews  
payung,2022-07-30 10:22:53+00:00,shanks   cmn   chapter   muncul   wano   kayak   promosiin   film   redaksi   anj  
awardee iismavo aaaminnn|semi gap,2022-07-30 10:34:02+00:00,satuawan   englishfess   kak   word   film   kakak   lakuin   catat   saja   kadang   lupa   kak  
Wahyu Dee,2022-07-30 10:41:48+00:00,delasyahmareads   buku   nona   kakak   perempuan   tuan   kopi   insecure   miss   irresistible   stylist   aroma   lilin   suka   prince   kaito   cinder   linkhemmm   alas   suka   buku   baca   buku   imajinasi   baca   sepert  
rafÃ°ÂÂÂ¥,2022-07-30 10:18:08+00:00,marvfess   vision   campur   tangan   thor   film   aou  
ÃÂekerpareÃ¢ÂÂ¿Ã¢ÂÂ±Ã¢ÂÂ¿Ã¢ÂÂ±,2022-07-30 10:40:03+00:00,lili   film   m   olmus   lalisa   guculilifilm   the   movie   mlalisa   money   blackpink  
Tian,2022-07-30 10:30:53+00:00,askrlfess   bgst   keinget   film   tonton   rahmat  
Surya,2022-07-30 10:21:04+00:00,kayak   mysterio   film   spiderman   latar   eropa  
iSal,2022-07-30 10:40:49+00:00,potatoliar   film   jadoel   gas  
avocado,2022-07-30 10:23:48+00:00,moviemenfes   ngikutin   film   thor   bagus   bgtt   kembang   rasa   film   film   iya   suka   vibesnya   ragnarok   cinta   amp   thunder   gmpang   cocok  
Korantalk_news,2022-07-30 10:47:22+00:00,jeje   slebew   klarifikasi   video   marahmarah   foto   promosi   filmkorantalk   korantalknew   jeje   diamondplatnumz   wcb   life   harmonize   wasafitv   millardayoupdates   rayvanny   alikiba   wasafimedia   tanzania   wasafi   wasafifm  
iSal,2022-07-30 10:29:04+00:00,teman   recomendasiin   film   romance   drama   sad   bngt   menang  
hanÃ°ÂÂÂ¤|| FB BEB!!!,2022-07-30 10:38:57+00:00,aiam   beli   jajan   nonton   film   sayang   biar   baik  
ASOKA,2022-07-30 10:24:10+00:00,misscenes   iya   kadang   mikir   sih   thought   processnya   horrornya   lihat   filmfilm   it   is   disturbing   and   artistic   at   the   same   time  
daisy,2022-07-30 10:15:01+00:00,ikanatassa   bukugpu   jatuh   cinta   karya   mbak   ika   nonton   critical   eleven   twivortiare   antologi   favorittapi   sampean   baca   novel   huhu   moga   kali   nonton   film   nya   tamat  
vÃÂ©,2022-07-30 10:15:35+00:00,piloshopi   moviemenfes   asavirsa   film  
GuerayyÃ°ÂÂÂÃ°ÂÂÂ´Ã¢ÂÂÃ¢ÂÂ Ã¯Â¸Â,2022-07-30 10:13:45+00:00,jojoyoungho   asa   nonton   film   action   tinggal   mas   kondisi   kritis  
Fajri Ramadhan,2022-07-30 10:39:44+00:00,nonton   sabtu   rudy   habibie   filmfilm   ernest   main   akting   bagus   iya   bang   ernestprakasa  
Ã°ÂÂÂÃ¢ÂÂ WÃ¡Â´ÂÃÂªss SÃ¡Â´ÂÃÂÃÂ´Ã¡Â´ÂÃ¡Â´Â,2022-07-30 10:34:13+00:00,eksosiseuteu   pasuk   booth   permisi   tonton   film  
jivandra Ã¡Â´ÂÃ¡Â´Â Ã°ÂÂÂ¹,2022-07-30 10:42:21+00:00,wryojin   hai   cantik   nonton   film   incantantion  
FVÃÂ»K Razan Hill,2022-07-30 10:46:52+00:00,wryojin   hai   cantik   nonton   film   incantantion  
Rayi,2022-07-30 10:28:37+00:00,mrr   masuuk   doong   lumayan   kak   nonton   bbrp   film  
Hokage Aimar.,2022-07-30 10:31:46+00:00,nerdavin   kayak   film   dc  
Ã°ÂÂÂÃ°ÂÂÂÃ°ÂÂÂ¢Ã°ÂÂÂÃ°ÂÂÂ¢Ã°ÂÂÂ¥,2022-07-30 10:33:34+00:00,authornya   asli   parah   skrip   film   parah   detail   banget   sisi   beda   tokoh   lanjut   days   lets   see   author   cerita   lanjut   cerita  
Jodi Satriani,2022-07-30 10:15:59+00:00,tmpbcot   fukada   aimeprotein   anjing   ges   iklan   kedeng   deui   main   film   layar   lebar  
mupi,2022-07-30 10:15:01+00:00,mvs   film   genre   fantasi   seru   iya   habis   rewatch   hobbit   lotr   nnton   genre  
Babal,2022-07-30 10:32:34+00:00,premis   orang   sahabat   minat   budaya   pop   beda   rencana   film   tampil   festival   film   antarsekolah   antero   jepangapakah   hasil  
kazuia,2022-07-30 10:46:33+00:00,dennysiregar   sayap   sayap   dungu   film   laku   bangke   hahaha  
NungÃ«ÂÂ (Cassiopeia Indo Sub Ã°ÂÂÂ),2022-07-30 10:45:39+00:00,kdramamenfess   nder   coba   nonton   film   judul   cassiopeia  
Yusly si Wolfy,2022-07-30 10:37:58+00:00,kominfo   kominfo   buka   video   porno   vpnan   streaming   film   gapernah   modal   gilir   data   amanin   kritiklucu  
"The Pillar, Kama.",2022-07-30 10:17:44+00:00,cocok   main   film   cantikcantik   tukang   parkir   parkir   hati  
Bae,2022-07-30 10:24:25+00:00,lalalaenda   film   pendek   tertawa  
YANGSUN ON,2022-07-30 10:45:00+00:00,nonton   film   orphan   snhyung   takut   ok   si   kakak  
cepat lelah,2022-07-30 10:35:08+00:00,netflix   tlonk   banyakin   film   barbie   dunnnn  
Ã°ÂÂÂ·fÃ¡Â¥Â£Ã¡Â¥Â²Ã¡Â¥ÂÃÂ¹Ã¡Â¥Â²Ã¢ÂÂ§Ã Â©Â­ÃÂ,2022-07-30 10:16:55+00:00,httpjeff   adaa   film   ariell  
agatha r. tambunan,2022-07-30 10:24:08+00:00,kaeknya   keren   film   jenis   mission   impossible   misi   kominfo   blokir   ethan   hunt   ngakakngakak   this   message   will   selfdestruct  
petani toge,2022-07-30 10:18:35+00:00,javbanget   film  
ÃÂrue,2022-07-30 10:14:18+00:00,lillyirish   ahh   nonton   uang   wkwkkweh   film   korea   seru   tanggal  
Juan,2022-07-30 10:36:54+00:00,convomfs   satusatunya   film   menang  
joiy,2022-07-30 10:38:30+00:00,drop   rekomendasi   drakor   baru   film   lucu  
BPPM Psikomedia,2022-07-30 10:28:58+00:00,penasaran   kisah   ayo   simak   review   lengkap   film   natsumes   book   of   friends   the   movie   taut   selamat   baca  
meandmaworld,2022-07-30 10:39:31+00:00,askrlfess   bicara   nya   cepat   suka   belibet   ngatur   tempo   bicara   baca   buku   nonton   film   nambah   kosa   inti   jam   terbang   sih   praktek   si  
aya,2022-07-30 10:10:54+00:00,hidup   tonton   dramaseriesfilm   q   putar   genre   romance   hapal   mudah   nebak   pickup   les   aowkaowkaowk   ayo   ayo   scriptwriter   kreatif  
*Ã£ÂÂlizy ÃÂ·,2022-07-30 10:37:59+00:00,waah   drakor   film   tamat   mas   bbrapa   smngty  
nda Ã°ÂÂÂ,2022-07-30 10:40:00+00:00,film   komedi   lumayan   i   myself   prefer   actionnya   rasa   banget   tegang   sih   nonton   beneran   i   cant   close   my   mouth   once   the   action   scenes   started  
cirr,2022-07-30 10:32:40+00:00,nonton   film   coba   rekomenin   film   bagus   moots  
Afrian Slebew,2022-07-30 10:44:17+00:00,idextratime   the   guilty   film   nyeritain   betapa   pusing   nya   anggota   keren   banget   film  
JAPANFESS TERANG,2022-07-30 10:38:16+00:00,jpf   rekomendasi   film   anime   recommended   tidaa   cerita   berat   banget   kayak   a   whiskers   away   belle   gituu   thank   uu  
ÃªÂ§Â booksaddict ÃªÂ§Â,2022-07-30 10:20:04+00:00,ngebayangi   buku   dijadiin   film  
Literary Base,2022-07-30 10:12:49+00:00,lt   teman   gasiiii   buku   vibesnya   kayak   bridge   to   terabithia   film   jaman   bocil   ngasi   impact   magis   kece   endingnya   hiksrot  
Ars,2022-07-30 10:24:39+00:00,sandiuno   ariekriting   tegak   aturanweb   film   baja   judi   online   scammer   sms   pulsa   pinjoldata   duduk   bocormalah   statement   emosi   iya   antum   oke   oce  
Dhaniel Huang,2022-07-30 10:41:53+00:00,milanupdate   film   silat   iya  
CHECK PINNED,2022-07-30 10:20:22+00:00,fess   saran   film   bagus   disney   we   tv   malam   minggu   makasihhh  
awa,2022-07-30 10:12:25+00:00,moviemenfes   film   b   suka   marvel   pas   nonton   oke   pas   habis   nonton   tinggal   kesan   apaapa   asgard   ubah   maju   modern   kayak   hilang   warna   asgard   iya  
Anjo.,2022-07-30 10:47:51+00:00,fessthai   film   thailand   horor   banget   kecuali   pee  
Abdiya,2022-07-30 10:39:03+00:00,nonton   violet   evergarden   ngeskipbiar   mewek   sedih   banget   asli   itungannya   jarang   banget   menang   gegara   nonton   seriesfilm  
NOBODY CARES BUT,2022-07-30 10:22:50+00:00,komik   buku   musik   game   film   elemen   mudah   terima   khalayak   ramai   jembatan   dunia   blokir   ludah   jabat   embanrip  
SOLO MEN FRESH,2022-07-30 10:24:26+00:00,edisi   habis   tonton   rekomenin   seriesfilm   netflix   tarik   lurr  
yola,2022-07-30 10:22:05+00:00,tanyakanrl   film   hobi  
crushedcrepes,2022-07-30 10:29:27+00:00,taika   waititi   hasil   film   thor   battle   ter   epic   soundtrack   keren   habis   immigrant   song   ragnarok   november   rain   cinta   and   thunder  
Ã°ÂÂÂ­Ã°ÂÂÂÃ°ÂÂÂÃ°ÂÂÂ.Ã¢ÂÂ.,2022-07-30 10:29:46+00:00,thottiena   film   korea   judul   wedding   dress  
ScreenSavers,2022-07-30 10:27:07+00:00,approach   film   the   princess   unik   kayak   die   hard   settingnya   kastil   jaman   tengah   penuh   fight   scenes   joey   king   veronica   ngo   amp   olga   kurylenko   super   keren   samasama   sangar  
Ã¢ÂÂÃÂ,2022-07-30 10:32:44+00:00,crbvv   ayo   nonton   biar   film   bioskopny  
ÃÂ ÃÂ¹ n ÃÂ±Ã°ÂÂÂ¹,2022-07-30 10:34:44+00:00,tintravis   suka   filmseries   per   mati   gtuh  
juÃÂº,2022-07-30 10:26:12+00:00,sp   kirakira   puny   gdrive   film   india   pgn   nonton   hehw  
Ã°ÂÂÂ£,2022-07-30 10:10:38+00:00,iya   enaknyanonton   film   baca   au   baca   manhwa   ngefangirl   aaaa   so   bored  
suaradotcom,2022-07-30 10:44:25+00:00,hadir   film   ivanna   penasaran   tonton   indonesia  
irfan,2022-07-30 10:13:12+00:00,taeqwila   beneran   donggg   lili   film   channel   youtubenya   lisa   cover   dance  
"Ã°ÂÂÂjong,",2022-07-30 10:35:33+00:00,theworldofateez   kayak   film   keren   banget   yaaa   selamat   comeback   group   kece   moga   comeback   kali   moga   batu   loncat   raih   sukses  
ra' Ã®Â¨Â,2022-07-30 10:29:03+00:00,nonton   film   pakai   sub   english   deh  
An,2022-07-30 10:45:34+00:00,nyadar   kemarin   asa   nyewa   teater   lihat   yamada   doangmana   film   tu   kyaa   kyaa  
atmo,2022-07-30 10:31:42+00:00,kirain   film   versi   uncut   uang  
Mr Arun Kumar,2022-07-30 10:15:11+00:00,nalini   aapkadharam   the   great   legendary   dharam   unlce   ji   whole   bollywood   film   industry   dharmendra   singh   deolnaam   hai   kaafi   haifrom   mr   arun   mar   bagus   post   khush   raho  
NS,2022-07-30 10:29:28+00:00,roudhohtunnisa   serbetwarte   jwbanya   maju   sinema   elektronik   pilih   sinema   elektronik   film   pilih   film   laaah   piye   wkwkwk   jaka   sembung   wkwkwk  
